{"chunk_definitions":[{"row":462,"row_count":1,"visible":true,"expansion_state":0,"options":{"engine":"r","eval":false,"label":"unnamed-chunk-2"},"document_id":"7B0634CE","chunk_id":"cf7gde6mpmnk8","chunk_label":"unnamed-chunk-20"},{"row":468,"row_count":1,"visible":true,"expansion_state":0,"options":{"engine":"r","label":"unnamed-chunk-7"},"document_id":"7B0634CE","chunk_id":"cys8pmdq54ybf","chunk_label":"unnamed-chunk-21"},{"row":474,"row_count":1,"visible":true,"expansion_state":0,"options":{"engine":"r","eval":false,"warning":false,"label":"unnamed-chunk-5"},"document_id":"7B0634CE","chunk_id":"cvmirycnjalp7","chunk_label":"unnamed-chunk-22"}],"doc_write_time":1614609431}